ID,Name,PhotoUrl
367062234,Louise Beck,https://randomuser.me/api/portraits/women/18.jpg
879596176,Jason Price,https://randomuser.me/api/portraits/men/62.jpg
489999167,Marcus Ryan,https://randomuser.me/api/portraits/men/62.jpg
832672461,Wendy Hamilton,https://randomuser.me/api/portraits/women/88.jpg
365409539,Glenda Ray,https://randomuser.me/api/portraits/women/95.jpg
791179541,Heidi Crawford,https://randomuser.me/api/portraits/women/89.jpg
406794435,Carl Curtis,https://randomuser.me/api/portraits/men/90.jpg
679243547,Robert Martin,https://randomuser.me/api/portraits/men/70.jpg
506437758,Nelson Adams,https://randomuser.me/api/portraits/men/15.jpg
819626397,Jose Reed,https://randomuser.me/api/portraits/men/50.jpg
